order_id,customer_id,store_id,order_date,order_channel
1,339,26,2024-09-27,Delivery
2,267,39,2024-09-28,Drive-Thru
3,461,4,2025-06-07,Delivery
4,456,30,2024-09-23,Kiosk
5,360,30,2025-03-20,Dine-In
6,68,22,2024-12-30,Mobile App
7,412,11,2025-02-10,Mobile App
8,491,2,2025-10-11,Kiosk
9,49,12,2024-11-19,Kiosk
10,564,30,2025-07-16,Mobile App
11,102,36,2024-11-27,Dine-In
12,216,18,2024-10-30,Mobile App
13,438,26,2026-07-12,Dine-In
14,569,7,2024-09-01,Mobile App
15,559,1,2024-08-05,Kiosk
16,159,26,2025-07-16,Drive-Thru
17,489,23,2024-07-30,Drive-Thru
18,242,26,2025-10-09,Drive-Thru
19,5,6,2024-12-03,Drive-Thru
20,596,6,2026-03-22,Drive-Thru
21,361,8,2025-05-28,Mobile App
22,459,24,2025-03-05,Kiosk
23,248,22,2026-07-12,Kiosk
24,566,19,2024-11-16,Dine-In
25,422,37,2026-07-12,Delivery
26,15,18,2024-08-18,Mobile App
27,573,31,2024-12-25,Drive-Thru
28,122,37,2024-09-29,Dine-In
29,277,30,2025-01-23,Drive-Thru
30,558,33,2024-08-26,Kiosk
31,453,10,2025-10-16,Drive-Thru
32,390,37,2025-10-24,Mobile App
33,294,12,2026-07-12,Drive-Thru
34,574,30,2024-08-24,Mobile App
35,598,27,2025-03-14,Dine-In
36,446,39,2024-12-20,Drive-Thru
37,210,9,2024-10-26,Drive-Thru
38,590,21,2024-10-29,Dine-In
39,302,12,2024-11-23,Delivery
40,223,29,2025-05-14,Dine-In
41,3,33,2025-02-26,Mobile App
42,518,15,2024-12-13,Drive-Thru
43,93,2,2024-08-01,Drive-Thru
44,520,39,2024-08-02,Dine-In
45,428,18,2024-07-13,Dine-In
46,493,3,2026-07-12,Kiosk
47,235,7,2024-07-14,Drive-Thru
48,161,18,2024-08-09,Delivery
49,331,38,2024-10-15,Kiosk
50,333,37,2025-08-28,Dine-In
51,50,33,2026-07-12,Drive-Thru
52,523,31,2025-08-07,Mobile App
53,492,11,2025-05-02,Kiosk
54,582,4,2025-01-13,Kiosk
55,272,18,2024-08-04,Drive-Thru
56,580,4,2026-07-12,Mobile App
57,252,34,2025-07-03,Dine-In
58,560,29,2025-03-24,Kiosk
59,90,24,2025-07-03,Kiosk
60,446,22,2025-05-30,Dine-In
61,332,2,2025-03-23,Drive-Thru
62,139,6,2026-07-12,Dine-In
63,357,25,2026-02-17,Drive-Thru
64,274,21,2025-03-30,Delivery
65,19,16,2025-05-04,Drive-Thru
66,311,31,2024-07-26,Dine-In
67,154,14,2025-04-16,Drive-Thru
68,390,39,2024-07-24,Kiosk
69,260,28,2025-02-19,Drive-Thru
70,571,32,2026-07-12,Drive-Thru
71,125,28,2025-01-31,Dine-In
72,354,9,2024-12-20,Kiosk
73,273,22,2024-10-14,Delivery
74,245,32,2024-08-14,Drive-Thru
75,450,5,2025-06-06,Dine-In
76,247,23,2024-09-04,Dine-In
77,520,5,2024-08-12,Dine-In
78,141,32,2024-11-26,Drive-Thru
79,362,10,2025-08-13,Kiosk
80,8,39,2025-06-19,Drive-Thru
81,478,15,2024-07-27,Delivery
82,352,7,2024-12-11,Drive-Thru
83,495,29,2025-01-13,Mobile App
84,427,3,2025-03-28,Mobile App
85,39,19,2025-04-01,Dine-In
86,593,10,2024-11-03,Drive-Thru
87,187,28,2025-02-03,Drive-Thru
88,596,29,2024-12-23,Dine-In
89,600,15,2026-01-04,Drive-Thru
90,93,35,2025-01-17,Drive-Thru
91,86,6,2024-12-05,Kiosk
92,44,12,2024-11-19,Drive-Thru
93,137,38,2025-02-10,Delivery
94,421,13,2025-08-24,Drive-Thru
95,74,29,2025-01-22,Mobile App
96,548,19,2025-04-09,Drive-Thru
97,512,3,2025-06-12,Delivery
98,156,8,2025-01-12,Drive-Thru
99,255,8,2024-11-29,Drive-Thru
100,171,20,2025-12-18,Drive-Thru
101,170,4,2024-11-25,Drive-Thru
102,322,21,2024-12-14,Dine-In
103,567,3,2026-07-12,Dine-In
104,456,8,2024-07-13,Dine-In
105,155,23,2024-09-02,Delivery
106,349,16,2024-11-11,Dine-In
107,451,13,2026-05-18,Dine-In
108,173,3,2024-07-31,Mobile App
109,10,9,2024-07-15,Drive-Thru
110,265,14,2024-07-26,Drive-Thru
111,438,13,2024-08-05,Dine-In
112,247,7,2024-07-22,Kiosk
113,546,15,2024-12-23,Delivery
114,499,7,2025-02-15,Delivery
115,129,38,2024-09-30,Drive-Thru
116,327,34,2024-11-16,Mobile App
117,404,22,2024-08-06,Dine-In
118,359,24,2024-10-23,Dine-In
119,17,37,2025-01-13,Dine-In
120,274,1,2025-06-07,Drive-Thru
121,116,10,2024-07-13,Drive-Thru
122,91,16,2024-12-17,Drive-Thru
123,82,8,2024-10-09,Dine-In
124,324,25,2025-11-04,Drive-Thru
125,114,12,2025-05-23,Mobile App
126,58,25,2025-02-20,Drive-Thru
127,154,17,2024-10-02,Mobile App
128,404,26,2026-03-07,Dine-In
129,266,14,2024-07-24,Delivery
130,315,36,2024-08-10,Drive-Thru
131,41,23,2024-11-14,Dine-In
132,105,6,2024-08-15,Dine-In
133,193,5,2026-07-12,Drive-Thru
134,401,25,2025-08-16,Delivery
135,278,18,2024-09-25,Drive-Thru
136,354,13,2025-02-20,Drive-Thru
137,580,14,2026-07-12,Delivery
138,256,28,2026-01-02,Mobile App
139,99,18,2025-02-27,Drive-Thru
140,588,28,2026-02-18,Drive-Thru
141,282,27,2026-07-12,Dine-In
142,403,32,2025-06-18,Drive-Thru
143,109,9,2024-07-29,Drive-Thru
144,199,40,2024-11-18,Kiosk
145,303,32,2025-10-10,Drive-Thru
146,327,20,2024-09-16,Drive-Thru
147,154,28,2025-09-29,Drive-Thru
148,552,33,2024-08-14,Kiosk
149,405,4,2024-07-25,Delivery
150,462,34,2024-11-11,Drive-Thru
151,132,3,2024-07-22,Mobile App
152,84,26,2026-07-12,Drive-Thru
153,399,8,2025-09-23,Drive-Thru
154,109,6,2025-08-20,Dine-In
155,221,16,2025-03-18,Drive-Thru
156,553,24,2024-09-11,Dine-In
157,368,39,2025-01-11,Kiosk
158,147,30,2025-02-25,Drive-Thru
159,112,13,2025-01-15,Kiosk
160,558,5,2024-09-26,Drive-Thru
161,494,25,2025-01-10,Drive-Thru
162,505,20,2024-12-28,Drive-Thru
163,475,18,2026-07-12,Dine-In
164,271,18,2026-02-02,Drive-Thru
165,421,2,2024-12-15,Dine-In
166,367,10,2025-03-13,Drive-Thru
167,280,12,2025-06-22,Drive-Thru
168,283,13,2024-07-21,Mobile App
169,40,11,2026-01-27,Dine-In
170,189,19,2025-11-16,Dine-In
171,164,35,2024-12-12,Drive-Thru
172,536,39,2024-11-14,Kiosk
173,536,26,2024-09-30,Mobile App
174,4,14,2024-12-21,Drive-Thru
175,290,24,2024-07-24,Drive-Thru
176,433,1,2025-11-02,Dine-In
177,471,22,2024-07-22,Kiosk
178,181,23,2024-10-20,Mobile App
179,248,19,2026-05-14,Drive-Thru
180,279,18,2025-06-10,Drive-Thru
181,581,12,2024-10-03,Dine-In
182,254,28,2024-09-23,Kiosk
183,181,28,2024-07-14,Dine-In
184,509,33,2025-05-06,Drive-Thru
185,566,19,2024-07-25,Dine-In
186,326,28,2025-01-19,Mobile App
187,357,37,2026-07-12,Mobile App
188,391,26,2024-08-10,Mobile App
189,85,35,2026-01-26,Drive-Thru
190,317,34,2026-07-12,Delivery
191,212,35,2024-07-28,Dine-In
192,515,40,2025-12-31,Drive-Thru
193,384,16,2025-01-10,Dine-In
194,342,38,2026-02-25,Kiosk
195,38,13,2025-02-09,Drive-Thru
196,511,23,2025-04-10,Mobile App
197,420,22,2025-01-25,Mobile App
198,169,16,2025-11-24,Dine-In
199,343,28,2025-06-08,Dine-In
200,306,35,2025-01-13,Drive-Thru
201,542,8,2025-12-01,Drive-Thru
202,537,22,2024-09-21,Dine-In
203,112,21,2024-08-24,Dine-In
204,411,26,2024-08-25,Delivery
205,206,40,2024-10-22,Kiosk
206,185,21,2024-09-19,Drive-Thru
207,382,25,2026-05-09,Drive-Thru
208,496,1,2024-08-09,Dine-In
209,379,6,2025-05-09,Mobile App
210,47,23,2024-09-03,Delivery
211,551,23,2025-12-28,Dine-In
212,528,23,2026-07-12,Dine-In
213,504,32,2024-12-16,Mobile App
214,22,30,2025-12-23,Drive-Thru
215,213,13,2024-07-14,Dine-In
216,310,18,2025-09-14,Drive-Thru
217,272,23,2024-09-15,Drive-Thru
218,571,15,2026-03-03,Drive-Thru
219,202,33,2024-07-13,Mobile App
220,32,21,2025-02-01,Delivery
221,443,39,2025-07-01,Drive-Thru
222,162,23,2024-09-25,Kiosk
223,254,27,2024-09-04,Drive-Thru
224,521,18,2024-08-03,Mobile App
225,480,24,2024-10-19,Drive-Thru
226,10,40,2025-02-03,Delivery
227,505,7,2024-08-12,Kiosk
228,560,20,2024-11-08,Dine-In
229,436,27,2024-07-15,Kiosk
230,111,6,2025-09-12,Delivery
231,153,27,2024-08-16,Mobile App
232,102,9,2024-10-04,Dine-In
233,191,31,2024-07-17,Delivery
234,563,21,2024-12-01,Delivery
235,81,26,2025-10-14,Drive-Thru
236,489,40,2024-11-14,Kiosk
237,88,13,2024-08-31,Dine-In
238,194,23,2025-06-28,Dine-In
239,104,20,2025-08-05,Drive-Thru
240,96,37,2024-08-29,Drive-Thru
241,423,28,2025-07-16,Drive-Thru
242,198,17,2026-07-12,Dine-In
243,1,28,2024-08-27,Kiosk
244,407,2,2025-07-16,Dine-In
245,378,25,2025-05-17,Dine-In
246,167,6,2024-12-20,Dine-In
247,509,11,2024-07-27,Drive-Thru
248,313,38,2024-08-01,Kiosk
249,593,6,2025-11-03,Mobile App
250,418,11,2026-07-12,Delivery
251,477,14,2025-04-20,Dine-In
252,73,2,2024-12-07,Drive-Thru
253,141,40,2025-03-30,Drive-Thru
254,582,3,2025-02-23,Drive-Thru
255,262,35,2024-11-10,Dine-In
256,340,33,2024-07-29,Mobile App
257,308,24,2025-09-16,Drive-Thru
258,245,19,2024-11-06,Mobile App
259,515,18,2025-09-13,Drive-Thru
260,337,24,2024-09-23,Dine-In
261,575,35,2024-07-13,Drive-Thru
262,561,1,2024-08-25,Dine-In
263,76,36,2024-12-18,Delivery
264,175,25,2026-07-04,Drive-Thru
265,109,34,2024-08-08,Dine-In
266,183,25,2025-11-06,Kiosk
267,192,16,2025-01-16,Drive-Thru
268,65,34,2025-09-23,Dine-In
269,474,29,2024-10-09,Drive-Thru
270,100,19,2025-10-14,Drive-Thru
271,544,23,2025-07-18,Delivery
272,128,19,2024-09-16,Delivery
273,452,25,2024-08-17,Kiosk
274,369,16,2025-12-01,Drive-Thru
275,43,9,2026-07-12,Drive-Thru
276,419,1,2024-07-20,Mobile App
277,488,19,2025-06-06,Dine-In
278,78,33,2026-03-05,Drive-Thru
279,270,34,2025-11-11,Drive-Thru
280,315,16,2026-07-12,Dine-In
281,168,40,2025-07-04,Drive-Thru
282,339,18,2024-12-05,Delivery
283,193,34,2024-10-14,Delivery
284,453,25,2024-10-17,Dine-In
285,283,6,2025-05-31,Dine-In
286,336,21,2025-06-20,Drive-Thru
287,390,6,2024-09-06,Delivery
288,525,32,2025-12-01,Dine-In
289,240,39,2025-05-22,Mobile App
290,483,31,2025-02-04,Dine-In
291,592,10,2024-12-19,Drive-Thru
292,555,30,2025-01-24,Drive-Thru
293,458,18,2024-08-25,Mobile App
294,89,24,2024-09-07,Dine-In
295,95,9,2024-08-05,Drive-Thru
296,452,31,2024-08-23,Dine-In
297,428,15,2024-12-11,Mobile App
298,151,4,2025-01-17,Delivery
299,514,40,2024-07-17,Dine-In
300,376,9,2025-08-15,Delivery
301,22,9,2024-10-08,Drive-Thru
302,313,26,2026-03-12,Dine-In
303,519,4,2026-07-12,Drive-Thru
304,206,17,2024-09-02,Dine-In
305,375,16,2024-12-15,Mobile App
306,451,15,2024-07-13,Mobile App
307,595,35,2025-02-26,Dine-In
308,179,5,2025-03-03,Drive-Thru
309,210,5,2024-09-22,Delivery
310,500,20,2025-02-02,Kiosk
311,464,15,2024-09-14,Drive-Thru
312,124,18,2024-08-25,Kiosk
313,113,2,2025-04-02,Drive-Thru
314,12,29,2024-10-19,Drive-Thru
315,126,13,2025-02-21,Delivery
316,565,4,2024-12-01,Drive-Thru
317,331,10,2026-07-12,Drive-Thru
318,283,31,2024-08-22,Drive-Thru
319,140,8,2024-12-16,Delivery
320,401,3,2025-04-24,Delivery
321,97,9,2024-11-15,Drive-Thru
322,517,30,2026-07-12,Drive-Thru
323,569,11,2025-05-28,Drive-Thru
324,69,35,2025-04-06,Drive-Thru
325,118,37,2025-07-01,Dine-In
326,59,13,2026-07-12,Mobile App
327,33,36,2026-02-28,Drive-Thru
328,318,13,2025-05-31,Drive-Thru
329,50,12,2025-06-23,Dine-In
330,489,37,2024-08-21,Dine-In
331,19,10,2024-08-09,Kiosk
332,197,9,2025-02-09,Drive-Thru
333,450,7,2024-07-17,Dine-In
334,559,2,2024-12-24,Drive-Thru
335,452,23,2024-09-10,Drive-Thru
336,289,39,2024-10-27,Dine-In
337,141,40,2025-07-21,Drive-Thru
338,84,39,2026-06-21,Drive-Thru
339,391,21,2024-07-31,Drive-Thru
340,591,23,2025-01-20,Drive-Thru
341,215,29,2025-12-30,Drive-Thru
342,526,14,2024-08-03,Kiosk
343,215,26,2025-09-21,Drive-Thru
344,403,5,2024-10-31,Drive-Thru
345,128,31,2024-10-18,Dine-In
346,477,25,2026-07-12,Drive-Thru
347,404,31,2024-09-07,Mobile App
348,29,20,2025-05-04,Dine-In
349,338,17,2025-09-16,Mobile App
350,361,2,2024-07-23,Dine-In
351,569,25,2025-04-16,Drive-Thru
352,392,13,2026-07-12,Mobile App
353,218,39,2024-08-15,Drive-Thru
354,574,28,2026-01-30,Drive-Thru
355,202,6,2025-02-23,Dine-In
356,17,3,2025-03-09,Mobile App
357,322,35,2025-03-07,Dine-In
358,518,18,2024-10-09,Delivery
359,570,11,2026-05-28,Dine-In
360,325,20,2026-07-12,Delivery
361,412,5,2025-03-15,Drive-Thru
362,318,19,2025-07-30,Mobile App
363,82,22,2025-03-06,Drive-Thru
364,474,19,2024-12-25,Kiosk
365,468,16,2025-04-09,Dine-In
366,425,24,2025-01-30,Dine-In
367,204,4,2025-02-25,Drive-Thru
368,583,15,2025-07-30,Dine-In
369,387,25,2024-12-23,Dine-In
370,98,35,2024-07-23,Kiosk
371,345,14,2024-08-26,Kiosk
372,208,19,2024-12-04,Drive-Thru
373,514,38,2025-05-31,Kiosk
374,586,36,2025-02-22,Drive-Thru
375,166,7,2025-04-01,Drive-Thru
376,22,30,2024-12-23,Mobile App
377,154,19,2025-03-09,Mobile App
378,439,25,2024-10-20,Kiosk
379,295,16,2024-12-18,Drive-Thru
380,219,40,2025-06-18,Mobile App
381,495,8,2025-12-08,Dine-In
382,230,18,2024-12-02,Dine-In
383,20,28,2024-07-24,Dine-In
384,553,16,2024-08-26,Kiosk
385,148,19,2024-07-18,Delivery
386,108,17,2025-04-03,Mobile App
387,403,13,2024-10-21,Drive-Thru
388,596,7,2025-01-24,Drive-Thru
389,483,27,2024-12-29,Dine-In
390,367,10,2024-08-03,Drive-Thru
391,414,34,2024-11-19,Drive-Thru
392,309,36,2024-09-13,Mobile App
393,134,25,2024-11-25,Drive-Thru
394,283,6,2024-09-07,Dine-In
395,73,24,2025-10-14,Dine-In
396,481,18,2024-08-29,Dine-In
397,352,23,2026-07-12,Drive-Thru
398,560,6,2024-11-24,Kiosk
399,326,29,2025-10-24,Drive-Thru
400,443,25,2025-03-17,Delivery
401,100,17,2025-06-10,Drive-Thru
402,59,24,2025-07-12,Drive-Thru
403,508,11,2025-01-04,Dine-In
404,258,26,2025-01-24,Delivery
405,413,34,2025-01-09,Mobile App
406,452,28,2025-02-19,Dine-In
407,65,3,2024-07-20,Drive-Thru
408,595,11,2024-11-15,Drive-Thru
409,154,38,2025-03-02,Drive-Thru
410,266,14,2025-02-25,Kiosk
411,79,26,2025-08-10,Drive-Thru
412,315,21,2025-04-05,Drive-Thru
413,560,39,2026-07-12,Dine-In
414,248,30,2024-10-04,Dine-In
415,414,8,2024-11-01,Dine-In
416,25,20,2024-11-11,Dine-In
417,284,32,2024-12-16,Mobile App
418,449,22,2025-10-07,Mobile App
419,301,7,2024-09-18,Dine-In
420,68,9,2025-07-22,Delivery
421,7,1,2024-11-19,Dine-In
422,137,29,2025-02-28,Drive-Thru
423,164,8,2025-03-20,Dine-In
424,83,4,2024-11-06,Drive-Thru
425,420,35,2025-01-08,Drive-Thru
426,73,3,2024-11-23,Drive-Thru
427,237,40,2024-07-30,Drive-Thru
428,46,7,2024-12-03,Kiosk
429,262,27,2024-08-07,Dine-In
430,176,1,2024-11-19,Dine-In
431,166,27,2025-02-22,Dine-In
432,370,16,2025-02-14,Drive-Thru
433,54,38,2025-04-10,Dine-In
434,419,7,2024-08-07,Delivery
435,507,23,2025-04-02,Drive-Thru
436,341,11,2024-10-14,Drive-Thru
437,127,33,2024-11-17,Drive-Thru
438,409,36,2025-11-12,Dine-In
439,367,37,2024-07-15,Dine-In
440,271,17,2025-02-19,Drive-Thru
441,379,35,2025-02-26,Drive-Thru
442,73,5,2024-11-16,Dine-In
443,248,32,2024-09-18,Dine-In
444,43,3,2024-09-17,Kiosk
445,377,35,2026-01-01,Dine-In
446,41,14,2024-12-05,Delivery
447,170,31,2024-10-21,Mobile App
448,212,31,2024-12-08,Drive-Thru
449,493,17,2025-04-15,Dine-In
450,39,24,2024-08-21,Dine-In
451,369,23,2024-12-09,Mobile App
452,151,18,2025-02-19,Drive-Thru
453,111,14,2026-07-12,Mobile App
454,480,15,2024-09-23,Kiosk
455,436,15,2024-11-01,Mobile App
456,47,6,2024-11-09,Dine-In
457,575,27,2025-03-02,Dine-In
458,366,15,2024-10-31,Delivery
459,69,36,2025-01-19,Dine-In
460,299,8,2025-07-28,Dine-In
461,296,15,2025-05-14,Mobile App
462,203,3,2024-12-07,Drive-Thru
463,61,13,2025-11-24,Kiosk
464,314,34,2025-02-02,Mobile App
465,161,24,2025-01-23,Dine-In
466,331,40,2024-07-21,Kiosk
467,528,32,2026-07-12,Drive-Thru
468,338,32,2024-08-14,Drive-Thru
469,304,30,2024-09-16,Drive-Thru
470,503,13,2024-07-26,Dine-In
471,338,1,2025-03-25,Drive-Thru
472,550,34,2024-09-14,Dine-In
473,275,15,2024-08-31,Drive-Thru
474,164,14,2024-08-05,Drive-Thru
475,443,29,2024-08-09,Mobile App
476,319,34,2025-02-17,Delivery
477,589,18,2025-04-30,Dine-In
478,504,7,2024-11-16,Drive-Thru
479,387,29,2024-12-23,Drive-Thru
480,494,31,2025-04-28,Dine-In
481,490,25,2024-07-17,Mobile App
482,73,38,2024-10-18,Mobile App
483,509,14,2026-07-12,Dine-In
484,390,8,2025-02-14,Drive-Thru
485,295,27,2024-09-24,Dine-In
486,369,2,2025-01-13,Drive-Thru
487,549,17,2024-10-25,Dine-In
488,568,37,2025-01-18,Kiosk
489,187,14,2024-08-15,Mobile App
490,445,25,2024-08-17,Drive-Thru
491,570,30,2024-08-20,Drive-Thru
492,363,29,2026-06-15,Kiosk
493,123,20,2025-06-08,Drive-Thru
494,188,21,2024-08-26,Dine-In
495,420,22,2024-09-03,Drive-Thru
496,252,35,2025-06-06,Delivery
497,549,37,2024-08-24,Drive-Thru
498,335,16,2024-09-17,Mobile App
499,92,17,2026-07-12,Delivery
500,530,16,2024-09-24,Delivery
501,63,2,2025-04-09,Kiosk
502,512,4,2026-07-12,Dine-In
503,139,21,2024-11-07,Drive-Thru
504,185,39,2024-07-17,Mobile App
505,205,34,2024-09-20,Mobile App
506,214,30,2025-09-30,Drive-Thru
507,256,6,2025-11-24,Dine-In
508,135,17,2025-07-13,Mobile App
509,573,39,2024-08-12,Mobile App
510,88,25,2025-08-13,Dine-In
511,207,5,2026-04-01,Drive-Thru
512,129,5,2025-02-27,Dine-In
513,3,20,2026-06-20,Drive-Thru
514,121,16,2025-09-24,Dine-In
515,385,37,2025-04-13,Drive-Thru
516,38,40,2025-02-13,Drive-Thru
517,341,9,2024-10-28,Drive-Thru
518,21,5,2024-08-25,Mobile App
519,242,2,2025-03-02,Delivery
520,455,9,2024-10-16,Dine-In
521,303,36,2025-11-28,Dine-In
522,596,22,2026-07-12,Delivery
523,595,22,2025-06-27,Dine-In
524,69,22,2024-08-05,Kiosk
525,129,34,2024-10-06,Delivery
526,196,29,2024-08-10,Drive-Thru
527,140,38,2025-04-01,Kiosk
528,444,33,2025-07-10,Dine-In
529,283,18,2026-04-23,Drive-Thru
530,312,7,2024-12-04,Drive-Thru
531,535,1,2026-02-12,Drive-Thru
532,277,33,2025-12-20,Kiosk
533,61,1,2024-10-16,Dine-In
534,319,24,2025-12-02,Drive-Thru
535,52,4,2024-11-07,Drive-Thru
536,153,4,2024-10-09,Mobile App
537,311,18,2025-03-31,Drive-Thru
538,544,27,2024-10-20,Drive-Thru
539,567,32,2025-03-18,Delivery
540,389,33,2025-03-05,Dine-In
541,548,28,2025-02-05,Delivery
542,177,36,2024-11-09,Drive-Thru
543,362,6,2025-01-27,Mobile App
544,314,16,2025-02-24,Mobile App
545,97,34,2025-01-26,Dine-In
546,213,23,2024-12-06,Drive-Thru
547,137,24,2024-07-16,Delivery
548,6,13,2025-02-19,Drive-Thru
549,109,18,2024-08-28,Kiosk
550,547,13,2025-03-27,Drive-Thru
551,39,37,2025-07-04,Dine-In
552,425,39,2025-01-02,Drive-Thru
553,261,17,2025-01-24,Kiosk
554,426,15,2026-07-12,Drive-Thru
555,87,18,2025-10-25,Delivery
556,465,23,2026-03-19,Delivery
557,76,30,2025-09-06,Drive-Thru
558,471,34,2024-08-10,Dine-In
559,414,4,2024-08-22,Mobile App
560,457,3,2025-01-15,Drive-Thru
561,285,7,2024-09-21,Mobile App
562,239,18,2024-12-21,Drive-Thru
563,599,7,2024-11-15,Drive-Thru
564,558,40,2025-01-28,Mobile App
565,372,6,2025-06-21,Drive-Thru
566,495,22,2025-05-23,Drive-Thru
567,45,1,2025-01-13,Drive-Thru
568,401,4,2025-09-18,Drive-Thru
569,247,29,2024-11-30,Drive-Thru
570,597,21,2026-01-31,Delivery
571,450,26,2024-07-31,Drive-Thru
572,485,14,2026-07-12,Drive-Thru
573,18,9,2025-04-04,Mobile App
574,289,12,2024-11-09,Drive-Thru
575,414,6,2024-09-05,Drive-Thru
576,235,20,2024-12-23,Kiosk
577,416,24,2024-09-05,Mobile App
578,499,27,2024-08-27,Drive-Thru
579,115,38,2025-03-10,Drive-Thru
580,234,8,2025-01-14,Dine-In
581,540,1,2025-04-16,Drive-Thru
582,11,24,2026-05-07,Drive-Thru
583,206,7,2025-01-18,Drive-Thru
584,247,19,2025-02-15,Drive-Thru
585,559,22,2024-08-05,Dine-In
586,127,35,2025-05-25,Dine-In
587,147,30,2024-11-17,Kiosk
588,118,29,2026-07-12,Drive-Thru
589,382,22,2025-09-19,Drive-Thru
590,412,11,2025-01-13,Dine-In
591,584,20,2024-08-14,Dine-In
592,363,29,2025-11-15,Mobile App
593,509,34,2025-08-19,Drive-Thru
594,137,1,2024-09-02,Drive-Thru
595,175,31,2024-10-08,Dine-In
596,289,30,2025-08-11,Mobile App
597,481,18,2024-09-02,Dine-In
598,19,17,2026-03-29,Dine-In
599,195,38,2024-11-28,Drive-Thru
600,330,14,2024-08-04,Drive-Thru
601,175,23,2025-09-08,Dine-In
602,449,25,2024-11-06,Drive-Thru
603,354,15,2025-01-15,Mobile App
604,499,22,2024-08-11,Delivery
605,141,3,2024-07-13,Drive-Thru
606,93,19,2025-03-24,Dine-In
607,239,34,2025-01-09,Drive-Thru
608,205,35,2025-02-23,Kiosk
609,560,1,2025-08-11,Drive-Thru
610,433,21,2025-03-30,Mobile App
611,245,29,2024-08-30,Dine-In
612,317,6,2024-11-01,Drive-Thru
613,295,37,2026-02-23,Dine-In
614,282,1,2025-07-15,Drive-Thru
615,17,1,2025-02-01,Kiosk
616,71,27,2024-09-24,Kiosk
617,269,21,2024-10-10,Drive-Thru
618,325,16,2025-06-07,Drive-Thru
619,305,40,2025-11-01,Kiosk
620,451,26,2025-04-17,Mobile App
621,7,16,2025-08-31,Dine-In
622,314,28,2025-07-11,Drive-Thru
623,103,1,2024-08-22,Dine-In
624,193,36,2024-11-27,Drive-Thru
625,574,10,2024-08-23,Drive-Thru
626,529,17,2024-09-18,Drive-Thru
627,171,23,2025-12-03,Drive-Thru
628,537,7,2024-12-20,Dine-In
629,251,7,2025-01-20,Drive-Thru
630,387,15,2024-08-31,Delivery
631,207,34,2024-10-14,Mobile App
632,541,4,2024-09-16,Drive-Thru
633,416,14,2024-09-08,Kiosk
634,380,14,2025-03-24,Kiosk
635,144,16,2024-09-25,Dine-In
636,25,7,2025-03-19,Dine-In
637,73,32,2024-07-28,Mobile App
638,93,19,2024-08-20,Delivery
639,505,2,2024-10-01,Kiosk
640,598,10,2025-02-25,Delivery
641,336,17,2025-04-20,Drive-Thru
642,425,37,2024-12-06,Drive-Thru
643,499,12,2024-12-07,Dine-In
644,364,6,2025-05-31,Dine-In
645,199,22,2024-07-16,Drive-Thru
646,413,32,2024-10-25,Drive-Thru
647,339,20,2025-09-12,Drive-Thru
648,429,1,2025-03-01,Mobile App
649,139,6,2024-10-23,Drive-Thru
650,542,19,2026-02-22,Drive-Thru
651,57,18,2025-07-18,Dine-In
652,232,6,2024-09-27,Drive-Thru
653,435,33,2025-03-29,Mobile App
654,384,23,2025-02-24,Mobile App
655,560,23,2024-11-18,Kiosk
656,194,26,2024-11-04,Drive-Thru
657,534,13,2024-10-26,Drive-Thru
658,518,7,2025-03-10,Drive-Thru
659,185,15,2024-12-06,Drive-Thru
660,292,27,2025-10-01,Delivery
661,335,26,2025-04-15,Mobile App
662,116,33,2024-07-31,Delivery
663,49,15,2025-03-25,Dine-In
664,82,36,2024-09-30,Delivery
665,333,27,2025-02-22,Dine-In
666,557,5,2025-04-23,Delivery
667,335,2,2024-09-16,Drive-Thru
668,532,33,2024-12-12,Drive-Thru
669,221,16,2024-09-03,Drive-Thru
670,323,23,2024-07-26,Kiosk
671,3,38,2024-11-08,Dine-In
672,206,16,2024-11-02,Drive-Thru
673,40,14,2026-07-12,Delivery
674,59,29,2024-12-07,Drive-Thru
675,574,26,2024-10-22,Dine-In
676,507,35,2025-02-15,Drive-Thru
677,572,15,2024-08-05,Drive-Thru
678,122,3,2026-07-12,Kiosk
679,479,23,2025-03-21,Mobile App
680,96,29,2025-06-29,Drive-Thru
681,414,34,2024-08-28,Kiosk
682,235,33,2024-11-21,Drive-Thru
683,62,23,2024-11-27,Dine-In
684,256,7,2025-09-17,Drive-Thru
685,561,3,2024-07-13,Drive-Thru
686,348,32,2024-10-10,Dine-In
687,124,31,2026-07-12,Kiosk
688,482,18,2024-12-21,Mobile App
689,317,7,2024-11-10,Drive-Thru
690,504,1,2024-08-13,Drive-Thru
691,48,14,2026-07-12,Mobile App
692,409,32,2024-07-18,Kiosk
693,136,6,2025-06-12,Delivery
694,201,39,2025-07-13,Drive-Thru
695,250,10,2024-09-20,Mobile App
696,314,7,2025-04-17,Drive-Thru
697,368,26,2024-08-06,Drive-Thru
698,429,34,2024-09-25,Dine-In
699,480,30,2025-08-04,Dine-In
700,314,36,2025-11-25,Drive-Thru
701,500,21,2025-03-04,Drive-Thru
702,355,17,2025-01-05,Dine-In
703,485,33,2024-08-25,Mobile App
704,211,10,2024-07-29,Dine-In
705,44,12,2024-08-13,Drive-Thru
706,541,16,2024-09-15,Drive-Thru
707,571,32,2024-10-25,Kiosk
708,583,15,2024-11-09,Drive-Thru
709,92,27,2024-10-27,Dine-In
710,265,28,2024-09-19,Drive-Thru
711,220,17,2025-01-07,Delivery
712,442,2,2025-09-22,Kiosk
713,401,36,2024-10-03,Drive-Thru
714,400,7,2026-06-26,Drive-Thru
715,576,13,2025-12-11,Kiosk
716,490,15,2024-08-26,Dine-In
717,485,25,2025-08-02,Drive-Thru
718,470,23,2025-02-11,Drive-Thru
719,574,22,2025-02-07,Dine-In
720,445,26,2024-11-14,Drive-Thru
721,269,33,2025-01-02,Drive-Thru
722,267,11,2024-11-16,Mobile App
723,54,10,2025-01-22,Kiosk
724,528,25,2025-03-17,Drive-Thru
725,520,37,2025-04-19,Delivery
726,59,38,2025-01-19,Dine-In
727,40,24,2025-05-28,Drive-Thru
728,237,40,2024-08-20,Dine-In
729,386,33,2024-09-10,Kiosk
730,300,17,2025-09-12,Mobile App
731,395,24,2024-10-18,Mobile App
732,207,37,2024-07-18,Delivery
733,336,2,2024-08-23,Drive-Thru
734,593,32,2024-09-14,Kiosk
735,514,24,2026-07-12,Mobile App
736,178,9,2025-02-10,Kiosk
737,396,4,2026-05-18,Drive-Thru
738,371,17,2025-02-12,Dine-In
739,318,17,2024-12-23,Drive-Thru
740,369,30,2024-10-15,Dine-In
741,384,40,2025-03-03,Drive-Thru
742,62,11,2024-08-19,Drive-Thru
743,505,21,2026-02-04,Drive-Thru
744,239,21,2025-09-28,Dine-In
745,195,18,2024-10-16,Dine-In
746,222,29,2026-07-12,Drive-Thru
747,61,24,2025-09-22,Kiosk
748,129,10,2025-04-13,Drive-Thru
749,156,17,2024-08-14,Drive-Thru
750,378,18,2024-12-22,Mobile App
751,586,20,2025-01-05,Drive-Thru
752,437,37,2024-09-17,Drive-Thru
753,207,18,2024-08-02,Drive-Thru
754,388,17,2025-07-22,Dine-In
755,480,9,2024-08-14,Kiosk
756,340,14,2025-02-23,Dine-In
757,340,29,2026-06-01,Drive-Thru
758,204,31,2025-12-17,Dine-In
759,161,4,2024-10-02,Dine-In
760,540,18,2025-11-01,Mobile App
761,392,20,2024-07-13,Dine-In
762,575,9,2024-07-17,Dine-In
763,534,13,2025-02-28,Drive-Thru
764,70,15,2024-11-03,Dine-In
765,405,27,2024-11-12,Dine-In
766,591,15,2025-02-05,Delivery
767,517,28,2024-09-04,Mobile App
768,120,37,2024-09-10,Kiosk
769,217,19,2024-12-25,Delivery
770,56,26,2025-06-28,Mobile App
771,366,26,2025-03-11,Dine-In
772,504,25,2024-10-09,Mobile App
773,455,26,2024-11-30,Delivery
774,104,26,2024-08-28,Mobile App
775,77,28,2024-08-01,Drive-Thru
776,230,18,2025-07-29,Dine-In
777,258,32,2024-09-28,Delivery
778,264,3,2024-08-30,Mobile App
779,331,2,2025-05-03,Kiosk
780,182,33,2025-03-10,Dine-In
781,550,19,2025-03-20,Dine-In
782,27,17,2024-09-15,Dine-In
783,276,33,2024-09-17,Mobile App
784,299,12,2024-09-13,Dine-In
785,91,3,2024-08-29,Dine-In
786,480,26,2025-04-05,Kiosk
787,573,35,2025-10-26,Dine-In
788,458,8,2025-05-31,Delivery
789,451,36,2025-08-09,Drive-Thru
790,365,7,2024-11-19,Delivery
791,351,36,2025-04-04,Drive-Thru
792,400,16,2024-10-30,Kiosk
793,253,24,2025-01-15,Kiosk
794,459,1,2024-12-24,Dine-In
795,499,25,2024-08-30,Dine-In
796,508,10,2024-11-12,Drive-Thru
797,304,16,2026-07-12,Mobile App
798,501,16,2024-09-22,Delivery
799,598,8,2024-08-17,Drive-Thru
800,166,29,2024-11-25,Drive-Thru
801,415,39,2025-08-07,Dine-In
802,462,28,2025-02-16,Delivery
803,114,6,2025-04-24,Kiosk
804,433,16,2024-09-03,Drive-Thru
805,356,20,2025-03-11,Drive-Thru
806,207,16,2024-10-18,Dine-In
807,235,7,2025-10-05,Drive-Thru
808,442,14,2025-03-18,Drive-Thru
809,355,26,2024-09-06,Dine-In
810,515,26,2024-07-29,Drive-Thru
811,208,14,2024-07-23,Drive-Thru
812,125,7,2024-11-06,Drive-Thru
813,138,33,2024-09-28,Drive-Thru
814,339,26,2025-03-29,Dine-In
815,537,20,2025-01-01,Mobile App
816,68,3,2024-09-28,Mobile App
817,573,4,2024-08-22,Drive-Thru
818,541,26,2024-08-16,Dine-In
819,383,11,2025-11-24,Mobile App
820,19,2,2024-09-20,Kiosk
821,450,14,2025-04-02,Dine-In
822,74,30,2025-09-02,Drive-Thru
823,573,12,2025-03-08,Dine-In
824,276,26,2025-11-15,Drive-Thru
825,48,33,2024-11-14,Dine-In
826,211,13,2026-07-12,Drive-Thru
827,540,14,2024-08-17,Mobile App
828,191,24,2024-08-08,Drive-Thru
829,315,34,2025-04-07,Drive-Thru
830,563,26,2026-06-28,Drive-Thru
831,562,21,2025-08-30,Drive-Thru
832,113,28,2024-08-01,Dine-In
833,170,36,2024-10-02,Dine-In
834,468,40,2026-05-09,Delivery
835,14,2,2024-09-23,Dine-In
836,288,9,2025-07-27,Mobile App
837,189,23,2025-09-21,Kiosk
838,155,15,2024-12-31,Drive-Thru
839,567,13,2024-11-12,Drive-Thru
840,471,23,2024-12-09,Drive-Thru
841,75,17,2024-09-15,Delivery
842,277,2,2026-01-14,Kiosk
843,343,20,2024-12-09,Mobile App
844,425,20,2025-12-30,Dine-In
845,571,3,2024-08-09,Mobile App
846,511,12,2026-07-12,Drive-Thru
847,182,40,2024-12-06,Drive-Thru
848,458,2,2024-07-25,Dine-In
849,64,36,2024-07-22,Dine-In
850,260,14,2025-06-20,Mobile App
851,193,16,2025-04-07,Drive-Thru
852,406,19,2025-08-22,Drive-Thru
853,93,34,2024-08-09,Drive-Thru
854,430,6,2024-07-22,Delivery
855,434,13,2025-01-06,Mobile App
856,404,36,2024-11-12,Drive-Thru
857,434,22,2024-12-14,Dine-In
858,112,18,2026-07-12,Drive-Thru
859,375,12,2026-07-12,Kiosk
860,59,30,2026-06-26,Drive-Thru
861,43,40,2025-07-30,Drive-Thru
862,207,7,2024-10-30,Drive-Thru
863,296,32,2024-11-22,Drive-Thru
864,118,19,2025-01-28,Delivery
865,532,6,2025-09-29,Drive-Thru
866,222,20,2024-07-30,Dine-In
867,166,27,2024-11-28,Dine-In
868,156,37,2024-08-03,Drive-Thru
869,184,7,2025-01-09,Kiosk
870,90,5,2026-02-05,Drive-Thru
871,94,11,2025-07-29,Delivery
872,13,15,2024-09-15,Mobile App
873,438,3,2026-07-12,Dine-In
874,538,5,2025-04-14,Dine-In
875,587,23,2024-07-15,Dine-In
876,150,37,2024-09-24,Mobile App
877,8,9,2024-09-26,Dine-In
878,29,15,2024-07-30,Drive-Thru
879,296,3,2026-07-12,Drive-Thru
880,340,29,2024-12-22,Mobile App
881,439,6,2026-01-29,Dine-In
882,144,17,2024-10-18,Drive-Thru
883,519,26,2024-08-15,Drive-Thru
884,45,21,2024-12-20,Drive-Thru
885,239,8,2024-08-12,Delivery
886,155,21,2024-12-26,Dine-In
887,181,11,2026-04-06,Delivery
888,215,38,2025-01-12,Mobile App
889,88,8,2025-03-09,Drive-Thru
890,256,24,2024-08-24,Mobile App
891,511,35,2024-07-24,Drive-Thru
892,73,14,2024-08-11,Dine-In
893,179,14,2025-02-26,Mobile App
894,212,10,2024-08-06,Drive-Thru
895,234,12,2024-11-07,Drive-Thru
896,465,38,2025-01-28,Drive-Thru
897,223,34,2024-11-13,Kiosk
898,264,10,2024-08-26,Drive-Thru
899,207,17,2024-09-30,Dine-In
900,366,17,2026-05-02,Drive-Thru
901,276,3,2025-04-20,Mobile App
902,380,31,2024-12-31,Mobile App
903,309,1,2024-07-16,Drive-Thru
904,268,12,2026-07-12,Delivery
905,64,39,2025-04-17,Drive-Thru
906,350,4,2024-10-16,Drive-Thru
907,494,13,2025-12-23,Delivery
908,523,34,2024-09-25,Delivery
909,98,21,2025-01-25,Mobile App
910,71,22,2025-03-22,Delivery
911,364,4,2024-09-13,Dine-In
912,570,18,2026-07-12,Delivery
913,276,5,2025-06-22,Drive-Thru
914,50,19,2025-02-02,Dine-In
915,358,2,2024-08-31,Dine-In
916,564,12,2024-07-26,Drive-Thru
917,485,17,2024-10-17,Drive-Thru
918,84,10,2025-06-27,Drive-Thru
919,584,34,2024-09-29,Dine-In
920,296,6,2025-01-22,Drive-Thru
921,236,8,2025-06-03,Drive-Thru
922,56,11,2024-08-10,Drive-Thru
923,360,12,2025-04-28,Drive-Thru
924,110,9,2024-08-06,Mobile App
925,192,2,2026-07-12,Delivery
926,93,8,2024-12-27,Mobile App
927,568,11,2024-08-22,Drive-Thru
928,60,36,2024-10-25,Mobile App
929,39,10,2024-11-23,Dine-In
930,540,21,2025-07-02,Dine-In
931,49,20,2025-06-18,Drive-Thru
932,420,8,2025-03-06,Delivery
933,13,36,2024-08-09,Dine-In
934,36,29,2024-08-23,Dine-In
935,101,12,2024-08-06,Dine-In
936,86,14,2025-02-13,Delivery
937,516,21,2025-12-19,Drive-Thru
938,223,22,2024-12-02,Drive-Thru
939,338,21,2024-08-25,Drive-Thru
940,166,30,2025-02-02,Drive-Thru
941,383,39,2025-09-03,Mobile App
942,376,20,2025-06-16,Dine-In
943,471,24,2025-12-28,Delivery
944,31,23,2024-10-02,Drive-Thru
945,375,7,2024-09-04,Mobile App
946,11,9,2025-12-24,Dine-In
947,302,1,2025-04-06,Drive-Thru
948,96,26,2024-10-14,Drive-Thru
949,190,38,2025-06-17,Drive-Thru
950,453,38,2025-09-08,Dine-In
951,192,22,2025-03-08,Mobile App
952,486,10,2025-04-30,Dine-In
953,266,6,2024-11-07,Mobile App
954,424,17,2025-01-22,Delivery
955,128,38,2025-01-14,Drive-Thru
956,238,24,2025-10-27,Mobile App
957,355,10,2025-10-14,Mobile App
958,112,8,2025-10-02,Drive-Thru
959,446,21,2024-07-15,Delivery
960,343,6,2025-06-24,Drive-Thru
961,145,21,2025-07-03,Drive-Thru
962,65,39,2025-04-22,Mobile App
963,247,24,2025-06-30,Drive-Thru
964,490,33,2025-10-17,Drive-Thru
965,439,18,2024-12-18,Drive-Thru
966,106,28,2025-01-03,Delivery
967,181,32,2024-08-15,Kiosk
968,184,12,2024-11-11,Drive-Thru
969,226,27,2025-03-27,Mobile App
970,89,10,2025-07-26,Kiosk
971,530,32,2024-09-12,Dine-In
972,371,26,2024-08-19,Dine-In
973,399,25,2025-04-10,Mobile App
974,106,11,2024-07-13,Delivery
975,271,23,2024-08-31,Delivery
976,503,34,2024-07-20,Drive-Thru
977,525,40,2024-08-27,Dine-In
978,32,23,2024-09-01,Drive-Thru
979,393,29,2024-11-12,Dine-In
980,40,31,2024-11-18,Drive-Thru
981,218,7,2025-12-13,Mobile App
982,82,40,2025-01-07,Dine-In
983,201,33,2025-05-30,Delivery
984,447,21,2024-08-09,Drive-Thru
985,428,2,2024-09-14,Drive-Thru
986,38,18,2025-05-12,Dine-In
987,211,33,2024-07-26,Drive-Thru
988,444,37,2024-12-26,Dine-In
989,327,34,2025-02-26,Kiosk
990,227,20,2025-02-28,Delivery
991,48,35,2024-07-18,Drive-Thru
992,18,18,2024-10-18,Dine-In
993,439,24,2025-03-22,Kiosk
994,187,8,2024-08-22,Drive-Thru
995,345,30,2025-05-06,Dine-In
996,224,10,2025-06-20,Drive-Thru
997,488,23,2026-07-12,Kiosk
998,229,11,2024-09-09,Dine-In
999,390,2,2025-09-21,Dine-In
1000,589,26,2025-01-12,Kiosk
1001,188,36,2024-11-06,Dine-In
1002,270,33,2024-08-14,Dine-In
1003,310,13,2025-06-10,Drive-Thru
1004,132,40,2024-09-18,Delivery
1005,551,25,2024-11-06,Drive-Thru
1006,72,4,2024-07-29,Kiosk
1007,187,19,2025-08-21,Mobile App
1008,486,18,2025-07-11,Dine-In
1009,191,37,2025-06-08,Kiosk
1010,422,30,2024-10-09,Drive-Thru
1011,120,19,2024-08-29,Drive-Thru
1012,220,23,2025-03-23,Drive-Thru
1013,53,16,2024-12-31,Drive-Thru
1014,451,1,2024-08-31,Dine-In
1015,412,12,2025-04-28,Dine-In
1016,237,24,2026-07-12,Drive-Thru
1017,406,34,2025-06-21,Delivery
1018,422,8,2025-06-14,Drive-Thru
1019,247,18,2026-07-12,Kiosk
1020,72,5,2024-09-07,Drive-Thru
1021,185,26,2025-02-06,Drive-Thru
1022,6,30,2026-07-12,Dine-In
1023,206,13,2024-08-27,Dine-In
1024,544,19,2025-05-10,Drive-Thru
1025,387,29,2025-02-18,Mobile App
1026,76,3,2025-02-18,Kiosk
1027,177,26,2025-05-08,Kiosk
1028,349,40,2026-05-07,Dine-In
1029,255,12,2025-07-29,Delivery
1030,308,2,2024-07-27,Drive-Thru
1031,345,11,2025-11-03,Dine-In
1032,127,28,2024-09-14,Delivery
1033,287,18,2024-11-08,Drive-Thru
1034,596,13,2024-12-14,Dine-In
1035,487,37,2024-12-23,Drive-Thru
1036,383,22,2024-12-02,Drive-Thru
1037,406,12,2026-06-05,Mobile App
1038,388,2,2025-05-15,Drive-Thru
1039,525,37,2025-03-19,Kiosk
1040,557,7,2024-07-25,Dine-In
1041,276,26,2026-02-18,Drive-Thru
1042,500,26,2026-03-05,Drive-Thru
1043,337,24,2025-07-26,Drive-Thru
1044,481,12,2024-07-14,Drive-Thru
1045,273,16,2024-07-27,Mobile App
1046,58,23,2024-09-14,Delivery
1047,328,40,2024-08-17,Kiosk
1048,109,9,2024-11-17,Delivery
1049,279,32,2026-04-13,Delivery
1050,328,15,2024-12-19,Drive-Thru
1051,315,37,2024-07-16,Delivery
1052,474,13,2024-10-04,Drive-Thru
1053,111,5,2024-07-24,Drive-Thru
1054,229,11,2024-07-22,Drive-Thru
1055,497,10,2024-10-01,Drive-Thru
1056,156,13,2024-10-01,Drive-Thru
1057,473,15,2025-08-03,Kiosk
1058,272,7,2026-07-12,Drive-Thru
1059,2,40,2024-11-05,Dine-In
1060,511,28,2024-11-30,Drive-Thru
1061,286,32,2025-10-21,Dine-In
1062,13,35,2024-09-29,Dine-In
1063,498,15,2024-08-24,Dine-In
1064,238,36,2025-11-04,Drive-Thru
1065,94,21,2024-07-24,Drive-Thru
1066,338,6,2025-03-11,Mobile App
1067,171,1,2025-02-04,Mobile App
1068,567,4,2024-10-27,Drive-Thru
1069,467,11,2024-10-15,Drive-Thru
1070,143,26,2025-07-17,Drive-Thru
1071,201,37,2024-08-04,Mobile App
1072,180,23,2024-09-18,Dine-In
1073,364,29,2025-06-07,Dine-In
1074,479,21,2025-01-27,Mobile App
1075,565,27,2024-08-16,Drive-Thru
1076,471,39,2025-12-29,Dine-In
1077,384,40,2024-11-14,Dine-In
1078,417,13,2025-09-25,Kiosk
1079,308,23,2025-08-04,Delivery
1080,367,16,2025-03-14,Mobile App
1081,1,30,2024-12-30,Drive-Thru
1082,44,4,2026-07-12,Drive-Thru
1083,98,40,2024-08-21,Kiosk
1084,265,16,2025-05-31,Kiosk
1085,140,31,2024-09-04,Dine-In
1086,481,25,2024-10-24,Delivery
1087,237,12,2024-10-13,Dine-In
1088,72,26,2026-07-12,Dine-In
1089,190,37,2026-07-12,Mobile App
1090,268,33,2024-09-01,Drive-Thru
1091,321,28,2024-07-18,Kiosk
1092,107,9,2025-05-27,Dine-In
1093,232,12,2024-11-25,Drive-Thru
1094,42,5,2024-08-05,Kiosk
1095,139,28,2025-04-26,Kiosk
1096,273,35,2025-01-25,Dine-In
1097,481,5,2026-07-12,Drive-Thru
1098,416,34,2024-09-15,Drive-Thru
1099,506,34,2024-11-19,Dine-In
1100,424,13,2025-01-24,Kiosk
1101,407,39,2025-08-09,Kiosk
1102,568,14,2025-01-27,Dine-In
1103,390,11,2025-03-07,Dine-In
1104,342,38,2024-09-15,Dine-In
1105,493,4,2025-10-25,Kiosk
1106,192,33,2024-11-29,Dine-In
1107,499,7,2024-08-19,Drive-Thru
1108,233,8,2025-04-11,Drive-Thru
1109,227,37,2024-09-11,Drive-Thru
1110,371,10,2024-08-07,Dine-In
1111,139,15,2025-11-20,Dine-In
1112,149,38,2024-12-14,Kiosk
1113,115,15,2025-06-23,Kiosk
1114,450,5,2024-10-06,Mobile App
1115,63,29,2025-08-03,Dine-In
1116,104,19,2024-08-11,Drive-Thru
1117,273,10,2024-10-31,Drive-Thru
1118,6,12,2026-07-12,Drive-Thru
1119,147,4,2025-08-11,Kiosk
1120,184,31,2024-12-31,Drive-Thru
1121,28,18,2024-10-24,Dine-In
1122,550,16,2025-12-09,Kiosk
1123,119,40,2025-01-25,Kiosk
1124,293,36,2025-07-03,Dine-In
1125,371,25,2025-06-28,Drive-Thru
1126,244,23,2024-07-17,Drive-Thru
1127,580,12,2024-08-15,Drive-Thru
1128,218,34,2025-04-08,Dine-In
1129,177,36,2024-08-26,Drive-Thru
1130,299,37,2024-09-24,Kiosk
1131,58,3,2026-07-12,Drive-Thru
1132,269,9,2025-02-03,Dine-In
1133,308,18,2025-06-25,Drive-Thru
1134,570,35,2025-02-02,Drive-Thru
1135,288,34,2025-01-30,Delivery
1136,105,14,2024-08-06,Drive-Thru
1137,228,4,2024-10-26,Dine-In
1138,247,29,2024-10-03,Dine-In
1139,494,15,2024-11-13,Mobile App
1140,83,28,2025-08-17,Drive-Thru
1141,186,16,2024-11-06,Mobile App
1142,252,12,2024-12-10,Dine-In
1143,355,5,2024-11-16,Drive-Thru
1144,210,34,2024-08-06,Drive-Thru
1145,447,1,2024-12-05,Kiosk
1146,460,39,2024-09-05,Kiosk
1147,472,32,2024-09-02,Dine-In
1148,370,26,2024-08-06,Drive-Thru
1149,492,17,2024-10-31,Dine-In
1150,137,27,2025-07-02,Drive-Thru
1151,367,24,2024-10-01,Drive-Thru
1152,184,35,2024-10-14,Kiosk
1153,588,39,2025-03-27,Kiosk
1154,287,26,2024-09-05,Drive-Thru
1155,472,38,2026-02-01,Drive-Thru
1156,375,23,2025-01-12,Delivery
1157,537,22,2024-12-08,Delivery
1158,511,4,2025-02-02,Dine-In
1159,579,9,2024-08-27,Drive-Thru
1160,250,4,2025-03-07,Drive-Thru
1161,510,7,2024-11-02,Dine-In
1162,73,23,2026-02-01,Dine-In
1163,282,2,2024-08-28,Dine-In
1164,360,24,2025-01-05,Drive-Thru
1165,10,40,2025-02-25,Drive-Thru
1166,211,31,2024-07-21,Dine-In
1167,152,31,2024-11-03,Dine-In
1168,5,40,2025-06-07,Delivery
1169,195,34,2025-09-15,Delivery
1170,283,24,2024-10-14,Drive-Thru
1171,464,26,2025-08-17,Drive-Thru
1172,113,16,2026-07-12,Kiosk
1173,271,13,2025-11-11,Dine-In
1174,163,15,2024-08-13,Dine-In
1175,460,27,2025-06-14,Drive-Thru
1176,105,4,2024-10-17,Dine-In
1177,556,16,2026-07-12,Drive-Thru
1178,282,30,2024-12-26,Kiosk
1179,162,30,2024-08-14,Drive-Thru
1180,351,36,2025-05-31,Drive-Thru
1181,434,3,2024-10-18,Kiosk
1182,140,22,2026-07-12,Dine-In
1183,471,22,2026-07-12,Dine-In
1184,132,12,2025-04-05,Drive-Thru
1185,87,21,2024-08-16,Drive-Thru
1186,183,4,2025-04-29,Dine-In
1187,368,31,2024-08-06,Drive-Thru
1188,129,31,2024-07-20,Drive-Thru
1189,246,23,2025-09-18,Mobile App
1190,578,20,2024-09-09,Drive-Thru
1191,378,15,2024-11-09,Drive-Thru
1192,149,23,2026-07-12,Dine-In
1193,433,28,2024-10-23,Drive-Thru
1194,469,16,2024-10-08,Dine-In
1195,446,37,2026-03-30,Kiosk
1196,481,21,2024-08-11,Drive-Thru
1197,294,15,2025-07-04,Drive-Thru
1198,143,17,2026-07-12,Mobile App
1199,250,37,2026-02-11,Drive-Thru
1200,302,13,2025-04-02,Drive-Thru
1201,25,19,2024-10-15,Delivery
1202,70,30,2024-09-24,Delivery
1203,112,18,2025-09-13,Mobile App
1204,364,14,2025-12-24,Dine-In
1205,303,36,2025-01-15,Drive-Thru
1206,471,36,2024-09-21,Mobile App
1207,91,20,2024-08-11,Dine-In
1208,530,19,2024-08-04,Dine-In
1209,192,7,2025-05-26,Delivery
1210,552,4,2024-11-26,Dine-In
1211,242,34,2026-02-22,Mobile App
1212,138,2,2025-06-14,Drive-Thru
1213,345,5,2024-09-04,Drive-Thru
1214,180,10,2025-03-07,Dine-In
1215,503,32,2024-12-02,Delivery
1216,203,13,2025-02-13,Drive-Thru
1217,573,39,2025-06-12,Drive-Thru
1218,192,5,2025-08-27,Mobile App
1219,5,10,2025-10-20,Mobile App
1220,237,10,2024-09-24,Kiosk
1221,311,38,2024-07-20,Drive-Thru
1222,549,27,2025-06-14,Drive-Thru
1223,56,21,2024-08-10,Kiosk
1224,443,8,2024-10-15,Drive-Thru
1225,237,1,2024-07-13,Drive-Thru
1226,197,28,2025-04-25,Dine-In
1227,585,39,2024-08-27,Delivery
1228,571,14,2025-04-05,Drive-Thru
1229,514,21,2026-07-12,Mobile App
1230,449,30,2024-07-31,Drive-Thru
1231,360,21,2024-08-02,Dine-In
1232,30,9,2024-10-25,Drive-Thru
1233,108,17,2025-11-28,Dine-In
1234,445,5,2024-09-11,Drive-Thru
1235,438,31,2024-11-01,Drive-Thru
1236,457,40,2024-07-30,Drive-Thru
1237,495,38,2025-07-08,Mobile App
1238,247,19,2024-11-21,Delivery
1239,543,36,2025-07-03,Mobile App
1240,564,33,2026-02-17,Dine-In
1241,588,13,2024-09-17,Dine-In
1242,439,14,2025-08-28,Drive-Thru
1243,278,33,2024-07-28,Kiosk
1244,552,29,2026-02-05,Delivery
1245,111,36,2025-04-02,Delivery
1246,385,10,2025-12-13,Drive-Thru
1247,191,31,2024-07-13,Drive-Thru
1248,490,6,2024-08-28,Drive-Thru
1249,426,1,2024-11-13,Dine-In
1250,405,7,2024-11-09,Dine-In
1251,335,27,2024-09-15,Kiosk
1252,209,21,2024-11-10,Dine-In
1253,22,28,2024-08-16,Dine-In
1254,208,16,2024-11-23,Dine-In
1255,8,23,2025-08-22,Kiosk
1256,529,20,2024-12-23,Drive-Thru
1257,166,38,2024-07-17,Mobile App
1258,496,25,2024-11-26,Kiosk
1259,590,28,2024-07-19,Drive-Thru
1260,429,5,2026-07-12,Drive-Thru
1261,163,21,2024-08-16,Dine-In
1262,366,18,2025-05-16,Dine-In
1263,526,6,2026-07-12,Delivery
1264,239,29,2025-09-23,Mobile App
1265,72,19,2025-05-09,Drive-Thru
1266,445,33,2025-10-13,Drive-Thru
1267,509,1,2026-07-12,Drive-Thru
1268,269,3,2025-03-12,Dine-In
1269,415,21,2025-02-02,Dine-In
1270,245,35,2025-03-17,Dine-In
1271,60,40,2025-01-19,Drive-Thru
1272,6,3,2025-03-22,Delivery
1273,570,25,2024-12-09,Drive-Thru
1274,407,38,2024-09-12,Dine-In
1275,217,20,2024-08-14,Drive-Thru
1276,26,34,2024-07-30,Delivery
1277,5,21,2024-09-27,Dine-In
1278,532,23,2024-07-24,Dine-In
1279,390,6,2025-02-07,Drive-Thru
1280,571,13,2024-10-04,Mobile App
1281,448,23,2025-09-21,Drive-Thru
1282,146,9,2024-08-01,Delivery
1283,388,17,2024-09-15,Kiosk
1284,249,2,2025-06-05,Mobile App
1285,526,19,2025-02-26,Drive-Thru
1286,462,19,2024-07-29,Drive-Thru
1287,13,7,2025-12-19,Dine-In
1288,384,20,2025-12-19,Kiosk
1289,556,9,2024-10-21,Drive-Thru
1290,399,17,2024-10-25,Dine-In
1291,19,27,2026-07-12,Mobile App
1292,575,2,2025-03-15,Drive-Thru
1293,491,36,2025-01-18,Drive-Thru
1294,419,19,2025-10-11,Drive-Thru
1295,337,17,2024-10-04,Drive-Thru
1296,419,5,2024-11-30,Delivery
1297,122,39,2024-09-28,Drive-Thru
1298,432,18,2025-08-06,Drive-Thru
1299,44,7,2025-02-10,Drive-Thru
1300,317,17,2025-04-07,Mobile App
1301,381,39,2024-09-23,Mobile App
1302,145,36,2024-09-13,Drive-Thru
1303,327,40,2024-12-27,Drive-Thru
1304,363,4,2025-06-12,Dine-In
1305,50,38,2025-01-15,Kiosk
1306,65,25,2024-07-21,Drive-Thru
1307,355,5,2025-12-02,Mobile App
1308,164,30,2024-07-29,Dine-In
1309,141,12,2026-07-12,Dine-In
1310,128,4,2024-07-19,Drive-Thru
1311,398,24,2025-05-05,Delivery
1312,463,29,2024-08-03,Drive-Thru
1313,187,9,2026-03-08,Kiosk
1314,190,4,2024-12-16,Drive-Thru
1315,388,24,2024-08-18,Drive-Thru
1316,429,14,2024-10-25,Dine-In
1317,284,5,2024-08-27,Delivery
1318,237,18,2024-08-28,Dine-In
1319,194,19,2026-07-12,Delivery
1320,287,12,2024-12-07,Kiosk
1321,136,18,2025-08-05,Kiosk
1322,171,17,2025-03-25,Drive-Thru
1323,159,30,2025-04-21,Mobile App
1324,201,24,2024-08-17,Mobile App
1325,487,11,2024-09-17,Dine-In
1326,557,35,2025-08-03,Drive-Thru
1327,583,23,2026-07-12,Dine-In
1328,504,17,2024-09-27,Drive-Thru
1329,371,1,2024-09-30,Dine-In
1330,103,15,2024-12-20,Dine-In
1331,125,32,2026-07-12,Drive-Thru
1332,313,9,2024-09-29,Drive-Thru
1333,458,15,2024-11-20,Drive-Thru
1334,230,28,2026-01-19,Dine-In
1335,197,24,2024-07-13,Drive-Thru
1336,423,35,2024-07-23,Dine-In
1337,572,22,2025-03-01,Drive-Thru
1338,171,27,2026-02-27,Drive-Thru
1339,382,19,2024-09-19,Drive-Thru
1340,173,12,2024-12-18,Mobile App
1341,453,20,2024-12-09,Drive-Thru
1342,350,1,2024-12-20,Mobile App
1343,494,21,2025-03-13,Drive-Thru
1344,4,1,2024-12-18,Drive-Thru
1345,93,10,2024-12-08,Drive-Thru
1346,6,32,2024-12-20,Dine-In
1347,288,39,2025-02-21,Mobile App
1348,146,22,2025-01-21,Drive-Thru
1349,424,18,2025-11-06,Drive-Thru
1350,457,32,2024-07-25,Dine-In
1351,202,27,2025-10-03,Dine-In
1352,212,28,2025-10-20,Kiosk
1353,6,18,2024-10-04,Mobile App
1354,376,39,2024-12-15,Dine-In
1355,447,29,2024-12-04,Drive-Thru
1356,106,18,2024-09-12,Drive-Thru
1357,401,8,2024-11-16,Delivery
1358,96,31,2024-07-24,Dine-In
1359,388,34,2024-10-02,Dine-In
1360,452,7,2025-09-10,Delivery
1361,416,36,2024-10-04,Dine-In
1362,504,18,2025-09-12,Dine-In
1363,454,38,2025-01-18,Kiosk
1364,291,9,2025-12-24,Drive-Thru
1365,534,9,2025-02-11,Drive-Thru
1366,193,8,2024-07-20,Dine-In
1367,150,35,2025-04-20,Dine-In
1368,515,18,2024-07-24,Dine-In
1369,393,5,2024-12-09,Delivery
1370,316,14,2026-05-06,Drive-Thru
1371,76,28,2024-08-27,Mobile App
1372,599,30,2024-11-13,Kiosk
1373,270,4,2025-06-05,Drive-Thru
1374,225,39,2025-12-29,Dine-In
1375,530,20,2025-04-16,Drive-Thru
1376,113,25,2024-09-25,Kiosk
1377,251,28,2025-04-19,Delivery
1378,233,12,2024-10-09,Dine-In
1379,83,2,2025-05-25,Mobile App
1380,125,14,2026-07-12,Drive-Thru
1381,175,22,2025-05-28,Kiosk
1382,69,31,2025-11-21,Dine-In
1383,47,23,2024-07-13,Drive-Thru
1384,256,20,2025-05-25,Delivery
1385,30,38,2025-09-28,Drive-Thru
1386,281,4,2024-07-23,Drive-Thru
1387,237,15,2025-12-08,Dine-In
1388,248,24,2024-09-25,Drive-Thru
1389,368,25,2025-04-12,Drive-Thru
1390,495,1,2025-08-19,Kiosk
1391,25,7,2025-04-10,Drive-Thru
1392,586,31,2024-08-06,Drive-Thru
1393,490,12,2025-02-24,Mobile App
1394,494,5,2025-01-28,Dine-In
1395,314,38,2026-02-09,Drive-Thru
1396,375,12,2024-11-19,Mobile App
1397,25,39,2024-10-17,Delivery
1398,334,18,2025-06-24,Drive-Thru
1399,355,2,2024-11-23,Mobile App
1400,116,10,2025-03-29,Dine-In
1401,48,15,2025-03-29,Kiosk
1402,99,30,2026-01-11,Dine-In
1403,459,17,2025-02-26,Mobile App
1404,523,4,2025-01-03,Drive-Thru
1405,597,7,2024-08-19,Kiosk
1406,405,31,2024-08-12,Mobile App
1407,214,39,2024-08-23,Mobile App
1408,503,34,2024-08-29,Dine-In
1409,448,6,2025-03-23,Drive-Thru
1410,576,38,2025-06-15,Drive-Thru
1411,258,34,2025-01-17,Mobile App
1412,121,15,2025-09-27,Dine-In
1413,54,14,2026-07-12,Kiosk
1414,331,6,2025-09-14,Delivery
1415,241,37,2025-05-05,Drive-Thru
1416,530,32,2025-01-19,Delivery
1417,483,3,2024-12-08,Drive-Thru
1418,187,3,2024-08-04,Drive-Thru
1419,262,22,2024-11-17,Drive-Thru
1420,364,22,2026-03-07,Drive-Thru
1421,491,10,2025-08-29,Mobile App
1422,431,3,2024-09-11,Drive-Thru
1423,239,12,2024-12-17,Drive-Thru
1424,304,29,2025-09-10,Mobile App
1425,298,17,2024-07-30,Mobile App
1426,76,7,2024-11-12,Dine-In
1427,333,13,2025-11-02,Delivery
1428,474,2,2024-11-19,Drive-Thru
1429,283,4,2024-08-02,Drive-Thru
1430,591,10,2025-01-24,Dine-In
1431,72,39,2025-11-19,Drive-Thru
1432,263,24,2025-02-21,Delivery
1433,575,17,2024-09-15,Drive-Thru
1434,12,6,2024-11-11,Mobile App
1435,141,19,2024-12-09,Dine-In
1436,555,5,2025-02-14,Drive-Thru
1437,17,32,2025-07-04,Kiosk
1438,63,10,2024-08-08,Mobile App
1439,253,9,2026-01-15,Dine-In
1440,465,27,2024-07-16,Drive-Thru
1441,376,13,2024-11-05,Dine-In
1442,520,19,2024-07-19,Drive-Thru
1443,90,21,2024-11-14,Mobile App
1444,175,24,2025-01-15,Mobile App
1445,76,38,2025-01-08,Dine-In
1446,400,4,2024-08-27,Kiosk
1447,71,24,2025-03-29,Drive-Thru
1448,180,35,2024-07-24,Drive-Thru
1449,124,3,2025-07-06,Drive-Thru
1450,381,4,2026-07-12,Drive-Thru
1451,293,37,2024-10-24,Drive-Thru
1452,195,40,2025-01-11,Drive-Thru
1453,228,35,2024-11-09,Drive-Thru
1454,431,31,2024-07-14,Dine-In
1455,436,25,2024-11-11,Delivery
1456,461,40,2025-08-09,Drive-Thru
1457,21,13,2025-02-24,Dine-In
1458,64,4,2024-08-08,Mobile App
1459,165,14,2025-10-25,Kiosk
1460,27,13,2025-01-18,Kiosk
1461,311,27,2025-10-16,Drive-Thru
1462,285,6,2025-02-15,Dine-In
1463,281,17,2025-02-03,Drive-Thru
1464,164,36,2024-08-09,Dine-In
1465,224,40,2024-08-27,Kiosk
1466,146,35,2026-07-12,Dine-In
1467,30,17,2024-09-15,Drive-Thru
1468,45,2,2026-07-12,Drive-Thru
1469,471,13,2025-01-18,Drive-Thru
1470,34,2,2024-08-18,Mobile App
1471,427,28,2024-08-08,Drive-Thru
1472,221,26,2024-09-09,Dine-In
1473,534,22,2026-04-23,Drive-Thru
1474,367,3,2024-11-23,Drive-Thru
1475,550,35,2024-11-15,Dine-In
1476,582,12,2024-10-14,Drive-Thru
1477,116,24,2024-08-21,Drive-Thru
1478,239,5,2024-12-27,Mobile App
1479,335,20,2024-08-16,Kiosk
1480,441,39,2025-10-07,Kiosk
1481,148,39,2024-11-05,Kiosk
1482,9,13,2024-11-07,Dine-In
1483,288,12,2024-12-20,Dine-In
1484,388,13,2024-12-06,Drive-Thru
1485,50,10,2026-07-12,Delivery
1486,517,33,2025-01-26,Kiosk
1487,587,40,2024-08-05,Delivery
1488,278,16,2025-03-03,Dine-In
1489,300,35,2024-08-23,Kiosk
1490,589,3,2024-07-20,Drive-Thru
1491,135,5,2026-07-12,Dine-In
1492,580,26,2025-07-19,Drive-Thru
1493,147,11,2026-07-12,Dine-In
1494,490,7,2024-12-22,Drive-Thru
1495,478,10,2025-01-18,Drive-Thru
1496,159,34,2024-08-28,Drive-Thru
1497,384,3,2024-09-21,Drive-Thru
1498,163,8,2025-10-11,Delivery
1499,441,31,2024-10-31,Mobile App
1500,189,11,2025-09-24,Drive-Thru
1501,415,7,2025-05-17,Delivery
1502,339,2,2024-08-30,Kiosk
1503,181,6,2025-01-06,Dine-In
1504,288,32,2025-04-21,Drive-Thru
1505,187,20,2024-09-17,Drive-Thru
1506,138,34,2025-09-30,Dine-In
1507,130,16,2025-01-25,Mobile App
1508,194,25,2024-08-27,Delivery
1509,316,12,2025-02-16,Dine-In
1510,144,7,2026-07-12,Delivery
1511,16,39,2024-08-22,Delivery
1512,302,17,2025-09-10,Kiosk
1513,423,11,2024-09-09,Drive-Thru
1514,245,6,2025-07-29,Kiosk
1515,107,23,2025-06-09,Drive-Thru
1516,88,27,2024-10-10,Drive-Thru
1517,129,6,2024-10-19,Dine-In
1518,341,38,2025-08-10,Dine-In
1519,4,2,2024-12-14,Mobile App
1520,327,22,2025-06-06,Drive-Thru
1521,410,20,2024-08-22,Drive-Thru
1522,306,25,2025-11-03,Dine-In
1523,225,15,2025-05-19,Mobile App
1524,348,29,2026-02-26,Dine-In
1525,321,8,2024-08-17,Delivery
1526,559,37,2025-02-22,Dine-In
1527,181,33,2025-02-26,Dine-In
1528,386,22,2024-10-30,Drive-Thru
1529,108,5,2024-12-13,Drive-Thru
1530,531,39,2024-07-22,Drive-Thru
1531,410,18,2025-06-20,Drive-Thru
1532,296,38,2025-01-28,Kiosk
1533,171,37,2024-07-27,Drive-Thru
1534,331,30,2025-04-24,Dine-In
1535,493,31,2024-12-17,Drive-Thru
1536,195,10,2024-07-21,Delivery
1537,12,15,2026-07-12,Drive-Thru
1538,195,18,2026-07-12,Dine-In
1539,490,23,2025-01-08,Mobile App
1540,182,33,2024-08-06,Drive-Thru
1541,316,16,2025-06-29,Drive-Thru
1542,30,38,2024-12-29,Dine-In
1543,596,35,2024-10-11,Dine-In
1544,96,34,2024-12-29,Drive-Thru
1545,381,28,2025-01-13,Dine-In
1546,444,2,2025-02-04,Drive-Thru
1547,298,30,2024-12-05,Drive-Thru
1548,361,13,2025-03-02,Drive-Thru
1549,374,16,2026-04-01,Kiosk
1550,554,5,2024-11-02,Delivery
1551,303,28,2025-06-01,Mobile App
1552,421,39,2026-01-26,Dine-In
1553,246,20,2024-12-12,Dine-In
1554,237,24,2024-12-06,Drive-Thru
1555,534,27,2025-02-28,Dine-In
1556,185,30,2025-02-21,Kiosk
1557,468,27,2025-08-27,Dine-In
1558,363,26,2024-12-21,Drive-Thru
1559,283,7,2026-07-12,Drive-Thru
1560,553,38,2024-07-28,Drive-Thru
1561,336,5,2024-07-13,Dine-In
1562,162,23,2025-03-25,Drive-Thru
1563,160,28,2024-10-09,Drive-Thru
1564,474,34,2024-09-19,Delivery
1565,322,15,2024-10-14,Dine-In
1566,12,32,2024-09-24,Kiosk
1567,424,26,2024-07-20,Delivery
1568,73,31,2026-07-12,Drive-Thru
1569,588,19,2024-09-13,Mobile App
1570,201,9,2025-06-09,Dine-In
1571,522,29,2025-07-07,Kiosk
1572,505,39,2026-05-06,Drive-Thru
1573,39,4,2024-07-20,Drive-Thru
1574,60,3,2025-12-09,Drive-Thru
1575,578,29,2025-01-16,Dine-In
1576,321,11,2025-03-20,Kiosk
1577,435,33,2025-03-28,Dine-In
1578,408,38,2025-09-14,Mobile App
1579,386,11,2024-10-22,Drive-Thru
1580,569,27,2025-06-08,Kiosk
1581,78,33,2025-01-17,Dine-In
1582,194,21,2025-08-11,Drive-Thru
1583,285,39,2026-07-12,Drive-Thru
1584,527,31,2024-09-06,Mobile App
1585,524,38,2026-07-12,Dine-In
1586,156,2,2024-08-05,Dine-In
1587,340,27,2024-07-13,Dine-In
1588,125,36,2024-07-24,Mobile App
1589,280,11,2024-10-25,Dine-In
1590,128,18,2025-03-20,Drive-Thru
1591,314,1,2024-07-30,Dine-In
1592,332,35,2024-07-14,Delivery
1593,150,35,2026-06-04,Kiosk
1594,454,31,2025-09-17,Drive-Thru
1595,36,28,2025-08-31,Drive-Thru
1596,420,39,2026-01-03,Dine-In
1597,22,1,2025-05-10,Dine-In
1598,206,25,2024-08-09,Drive-Thru
1599,356,38,2024-11-17,Mobile App
1600,440,20,2025-05-30,Drive-Thru
1601,96,3,2024-10-03,Kiosk
1602,164,2,2025-04-29,Drive-Thru
1603,148,18,2024-07-19,Mobile App
1604,530,10,2024-10-12,Drive-Thru
1605,294,5,2025-01-28,Drive-Thru
1606,195,9,2025-03-19,Drive-Thru
1607,480,2,2025-02-13,Drive-Thru
1608,123,34,2025-05-08,Drive-Thru
1609,400,38,2024-07-14,Mobile App
1610,452,31,2024-08-08,Kiosk
1611,104,10,2025-12-03,Drive-Thru
1612,462,12,2025-04-25,Dine-In
1613,396,36,2024-08-11,Drive-Thru
1614,337,21,2025-10-17,Drive-Thru
1615,599,6,2024-09-20,Dine-In
1616,142,3,2024-12-22,Mobile App
1617,317,10,2024-08-21,Kiosk
1618,558,5,2025-05-18,Kiosk
1619,527,26,2025-04-13,Dine-In
1620,556,21,2024-09-10,Delivery
1621,401,26,2025-11-22,Mobile App
1622,310,38,2024-11-18,Drive-Thru
1623,495,26,2024-10-07,Drive-Thru
1624,556,8,2024-08-23,Delivery
1625,109,5,2024-09-28,Drive-Thru
1626,372,15,2024-07-18,Drive-Thru
1627,206,16,2025-02-16,Drive-Thru
1628,43,1,2025-10-17,Drive-Thru
1629,245,16,2025-01-28,Dine-In
1630,287,37,2024-09-12,Kiosk
1631,355,3,2024-07-21,Mobile App
1632,476,31,2024-09-11,Drive-Thru
1633,83,13,2024-11-24,Dine-In
1634,110,16,2025-07-04,Drive-Thru
1635,190,21,2024-09-03,Dine-In
1636,251,2,2025-05-27,Dine-In
1637,291,27,2025-11-29,Drive-Thru
1638,201,38,2024-12-11,Drive-Thru
1639,326,26,2025-09-16,Drive-Thru
1640,511,38,2025-01-31,Dine-In
1641,409,25,2025-03-23,Drive-Thru
1642,508,11,2025-01-15,Dine-In
1643,72,8,2024-12-15,Kiosk
1644,247,8,2024-09-17,Drive-Thru
1645,587,33,2024-10-11,Mobile App
1646,566,7,2024-10-06,Drive-Thru
1647,344,38,2025-02-05,Dine-In
1648,54,21,2024-08-13,Kiosk
1649,528,8,2026-03-26,Drive-Thru
1650,532,21,2025-05-27,Drive-Thru
1651,558,20,2024-11-18,Drive-Thru
1652,193,8,2024-08-25,Dine-In
1653,58,31,2025-12-29,Delivery
1654,437,29,2025-09-20,Drive-Thru
1655,111,9,2025-05-28,Drive-Thru
1656,129,15,2024-09-30,Dine-In
1657,326,30,2024-11-18,Dine-In
1658,8,26,2024-08-09,Delivery
1659,29,10,2024-09-03,Mobile App
1660,112,29,2025-07-29,Dine-In
1661,131,16,2025-05-22,Dine-In
1662,188,36,2025-02-23,Mobile App
1663,475,20,2026-01-29,Drive-Thru
1664,364,37,2025-02-16,Drive-Thru
1665,204,22,2024-12-17,Drive-Thru
1666,212,7,2024-10-25,Dine-In
1667,276,23,2026-06-18,Mobile App
1668,73,40,2024-08-03,Kiosk
1669,243,29,2026-05-12,Dine-In
1670,102,16,2025-09-24,Drive-Thru
1671,171,38,2024-08-16,Drive-Thru
1672,188,28,2025-02-06,Drive-Thru
1673,441,38,2025-11-28,Drive-Thru
1674,86,31,2025-02-10,Delivery
1675,476,14,2026-02-27,Drive-Thru
1676,52,33,2026-06-29,Drive-Thru
1677,111,9,2024-11-27,Drive-Thru
1678,43,27,2024-11-08,Dine-In
1679,211,24,2026-06-01,Dine-In
1680,200,13,2025-04-20,Mobile App
1681,26,26,2024-08-12,Dine-In
1682,299,29,2024-07-23,Mobile App
1683,77,28,2025-02-05,Drive-Thru
1684,137,28,2026-05-09,Drive-Thru
1685,20,8,2025-10-20,Drive-Thru
1686,440,23,2025-04-20,Drive-Thru
1687,211,29,2024-08-19,Dine-In
1688,551,5,2024-09-24,Drive-Thru
1689,435,7,2025-12-15,Mobile App
1690,207,36,2024-09-01,Mobile App
1691,439,27,2024-10-02,Drive-Thru
1692,42,2,2024-08-16,Drive-Thru
1693,411,25,2025-04-20,Dine-In
1694,523,9,2026-07-03,Dine-In
1695,427,27,2024-09-29,Dine-In
1696,275,1,2024-12-21,Delivery
1697,448,23,2025-03-21,Dine-In
1698,369,10,2026-07-12,Dine-In
1699,220,25,2024-08-09,Drive-Thru
1700,577,3,2025-01-01,Dine-In
1701,232,6,2024-11-11,Drive-Thru
1702,328,6,2025-11-27,Dine-In
1703,443,2,2024-12-21,Dine-In
1704,52,18,2024-08-11,Drive-Thru
1705,376,23,2025-03-21,Drive-Thru
1706,263,2,2025-07-16,Mobile App
1707,267,12,2024-07-13,Drive-Thru
1708,359,22,2025-11-14,Drive-Thru
1709,317,37,2024-09-02,Mobile App
1710,324,20,2025-01-29,Dine-In
1711,563,39,2024-11-24,Drive-Thru
1712,421,24,2025-05-26,Drive-Thru
1713,46,20,2024-11-05,Drive-Thru
1714,600,1,2025-12-04,Drive-Thru
1715,269,1,2025-06-05,Delivery
1716,381,17,2025-03-30,Kiosk
1717,118,1,2025-08-14,Drive-Thru
1718,566,30,2025-06-28,Drive-Thru
1719,116,3,2024-07-22,Dine-In
1720,260,11,2024-11-15,Drive-Thru
1721,75,24,2026-05-11,Drive-Thru
1722,480,22,2024-08-15,Drive-Thru
1723,305,26,2025-06-11,Kiosk
1724,7,13,2026-07-12,Drive-Thru
1725,366,1,2024-07-26,Drive-Thru
1726,523,24,2025-04-25,Drive-Thru
1727,348,10,2024-12-17,Delivery
1728,438,35,2025-02-14,Mobile App
1729,215,24,2024-08-04,Drive-Thru
1730,429,28,2024-07-23,Drive-Thru
1731,498,36,2025-04-13,Delivery
1732,540,16,2025-09-19,Dine-In
1733,367,40,2025-07-28,Delivery
1734,313,16,2025-01-25,Drive-Thru
1735,538,17,2024-08-08,Drive-Thru
1736,54,15,2025-04-30,Drive-Thru
1737,541,16,2024-09-20,Mobile App
1738,467,15,2026-03-09,Dine-In
1739,164,34,2025-10-11,Delivery
1740,334,11,2025-05-17,Drive-Thru
1741,547,1,2026-07-12,Drive-Thru
1742,348,15,2024-07-20,Dine-In
1743,273,26,2025-06-11,Drive-Thru
1744,414,4,2024-10-21,Drive-Thru
1745,500,5,2026-02-24,Drive-Thru
1746,93,35,2024-09-28,Mobile App
1747,79,13,2025-05-31,Drive-Thru
1748,217,10,2025-12-20,Kiosk
1749,358,11,2024-07-23,Drive-Thru
1750,507,18,2024-11-16,Delivery
1751,559,34,2025-07-07,Dine-In
1752,181,39,2024-12-11,Drive-Thru
1753,576,23,2024-09-28,Drive-Thru
1754,246,7,2024-09-13,Drive-Thru
1755,244,39,2024-08-17,Delivery
1756,506,3,2025-11-11,Dine-In
1757,422,12,2025-02-12,Dine-In
1758,320,7,2024-08-01,Delivery
1759,87,26,2024-11-10,Dine-In
1760,217,33,2024-11-04,Mobile App
1761,490,37,2024-09-01,Drive-Thru
1762,519,15,2024-12-02,Delivery
1763,278,2,2024-10-21,Dine-In
1764,169,7,2024-10-25,Dine-In
1765,330,32,2025-06-13,Drive-Thru
1766,441,4,2024-09-14,Kiosk
1767,391,20,2025-03-26,Drive-Thru
1768,496,36,2025-02-09,Drive-Thru
1769,381,32,2025-02-07,Drive-Thru
1770,306,28,2025-04-10,Kiosk
1771,513,13,2025-01-27,Delivery
1772,188,1,2025-12-23,Kiosk
1773,516,35,2025-04-20,Dine-In
1774,427,30,2025-01-26,Dine-In
1775,502,36,2025-09-28,Drive-Thru
1776,260,25,2025-03-02,Delivery
1777,513,16,2024-10-07,Drive-Thru
1778,71,19,2024-09-09,Dine-In
1779,478,1,2024-08-23,Mobile App
1780,178,5,2026-02-07,Dine-In
1781,457,22,2025-05-18,Drive-Thru
1782,189,24,2026-06-05,Drive-Thru
1783,291,37,2025-03-01,Drive-Thru
1784,520,36,2024-12-20,Mobile App
1785,292,36,2024-07-28,Drive-Thru
1786,283,4,2025-04-17,Drive-Thru
1787,544,36,2025-02-16,Drive-Thru
1788,377,18,2026-07-12,Drive-Thru
1789,156,16,2024-09-19,Drive-Thru
1790,508,18,2025-01-18,Drive-Thru
1791,413,22,2025-04-02,Dine-In
1792,528,2,2025-03-28,Dine-In
1793,355,21,2025-02-03,Dine-In
1794,559,36,2025-07-23,Drive-Thru
1795,187,39,2024-09-08,Delivery
1796,31,39,2025-06-01,Mobile App
1797,260,29,2025-03-11,Mobile App
1798,421,26,2026-01-30,Drive-Thru
1799,529,21,2025-10-25,Drive-Thru
1800,551,17,2024-10-15,Drive-Thru
